Counter,Timestamp,ActionName,InstanceName,Status,AdditionalInfo,TimeSinceStartMs
1,2025-09-08 15:13:12.599,PickUpHL,PickUpHL_lp1_fp1_r1,STARTED,"High-level execution with subtree: FF_Default_DynamicFlow_PickUpHL_lp1_fp1_r1; DeltaTime: 0.100",1.85
2,2025-09-08 15:13:15.410,PickUpHL,PickUpHL_lp1_fp1_r1,FAILED,"Subtree execution failed",2813.54
3,2025-09-08 15:13:15.588,PickUpHL,PickUpHL_lp2_fp9_r1,STARTED,"High-level execution with subtree: FF_Default_DynamicFlow_PickUpHL_lp2_fp9_r1; DeltaTime: 0.100",2991.27
4,2025-09-08 15:13:18.227,PickUpHL,PickUpHL_lp2_fp9_r1,FAILED,"Subtree execution failed",5629.76
5,2025-09-08 15:13:18.405,PickUpHL,PickUpHL_lp3_fp17_r1,STARTED,"High-level execution with subtree: FF_Default_DynamicFlow_PickUpHL_lp3_fp17_r1; DeltaTime: 0.100",5808.46
6,2025-09-08 15:13:21.226,PickUpHL,PickUpHL_lp3_fp17_r1,FAILED,"Subtree execution failed",8629.21
7,2025-09-08 15:13:21.400,PickUpHL,PickUpHL_lp4_fp25_r1,STARTED,"High-level execution with subtree: FF_Default_DynamicFlow_PickUpHL_lp4_fp25_r1; DeltaTime: 0.100",8803.73
8,2025-09-08 15:13:24.050,TravelML,TravelML_r1_pr2_ep1,STARTED,"Normal execution; DeltaTime: 0.100",11453.60
9,2025-09-08 15:13:24.051,TravelML,TravelML_r1_pr2_ep1,STARTED,"DeltaTime: 0.100",11454.29
10,2025-09-08 15:13:24.078,TravelML,TravelML_r1_pr2_ep1,COMPLETED,"Effects applied successfully",11481.13
11,2025-09-08 15:13:24.257,PickUpHL,PickUpHL_lp4_fp25_r1,STARTED,"High-level execution with subtree: FF_Default_DynamicFlow_PickUpHL_lp4_fp25_r1; DeltaTime: 0.100",11660.04
12,2025-09-08 15:13:24.303,EquipeML,EquipeML_r1_vg1_ep1,STARTED,"Normal execution; DeltaTime: 0.100",11706.40
13,2025-09-08 15:13:24.303,EquipeML,EquipeML_r1_vg1_ep1,STARTED,"DeltaTime: 0.100",11706.65
14,2025-09-08 15:13:24.337,EquipeML,EquipeML_r1_vg1_ep1,COMPLETED,"Effects applied successfully",11740.07
15,2025-09-08 15:13:24.532,PickUpHL,PickUpHL_lp4_fp25_r1,STARTED,"High-level execution with subtree: FF_Default_DynamicFlow_PickUpHL_lp4_fp25_r1; DeltaTime: 0.100",11935.02
16,2025-09-08 15:13:24.571,InitializeML,InitializeML_r1_vg1,STARTED,"Normal execution; DeltaTime: 0.100",11974.54
17,2025-09-08 15:13:24.572,InitializeML,InitializeML_r1_vg1,STARTED,"DeltaTime: 0.100",11975.18
18,2025-09-08 15:13:24.602,InitializeML,InitializeML_r1_vg1,COMPLETED,"Effects applied successfully",12005.50
19,2025-09-08 15:13:24.795,PickUpHL,PickUpHL_lp4_fp25_r1,STARTED,"High-level execution with subtree: FF_Default_DynamicFlow_PickUpHL_lp4_fp25_r1; DeltaTime: 0.100",12197.91
20,2025-09-08 15:13:24.835,TravelML,TravelML_r1_ep1_fp25,STARTED,"Normal execution; DeltaTime: 0.100",12238.42
21,2025-09-08 15:13:24.835,TravelML,TravelML_r1_ep1_fp25,STARTED,"DeltaTime: 0.100",12238.66
22,2025-09-08 15:13:24.876,TravelML,TravelML_r1_ep1_fp25,COMPLETED,"Effects applied successfully",12279.39
23,2025-09-08 15:13:25.101,PickUpHL,PickUpHL_lp4_fp25_r1,STARTED,"High-level execution with subtree: FF_Default_DynamicFlow_PickUpHL_lp4_fp25_r1; DeltaTime: 0.100",12504.06
24,2025-09-08 15:13:25.152,PickUpML,PickUpML_lp4_fp25_r1_vg1,STARTED,"Normal execution; DeltaTime: 0.100",12555.42
25,2025-09-08 15:13:25.152,PickUpML,PickUpML_lp4_fp25_r1_vg1,STARTED,"DeltaTime: 0.100",12555.73
26,2025-09-08 15:13:25.189,PickUpML,PickUpML_lp4_fp25_r1_vg1,COMPLETED,"Effects applied successfully",12592.38
27,2025-09-08 15:13:25.195,PickUpHL,PickUpHL_lp4_fp25_r1,COMPLETED,"Subtree execution completed successfully",12598.50
28,2025-09-08 15:13:25.399,PlaceHL,PlaceHL_lp4_pr4_r1,STARTED,"High-level execution with subtree: FF_Default_DynamicFlow_PlaceHL_lp4_pr4_r1; DeltaTime: 0.100",12802.19
29,2025-09-08 15:13:28.071,PlaceHL,PlaceHL_lp4_pr4_r1,FAILED,"Subtree execution failed",15474.16
30,2025-09-08 15:13:28.350,PickUpHL,PickUpHL_lp1_fp1_r1,STARTED,"High-level execution with subtree: FF_Default_DynamicFlow_PickUpHL_lp1_fp1_r1; DeltaTime: 0.100",15753.45
31,2025-09-08 15:13:31.507,PickUpHL,PickUpHL_lp1_fp1_r1,FAILED,"Subtree execution failed",18909.77
32,2025-09-08 15:13:31.740,PickUpHL,PickUpHL_lp2_fp9_r1,STARTED,"High-level execution with subtree: FF_Default_DynamicFlow_PickUpHL_lp2_fp9_r1; DeltaTime: 0.100",19143.10
33,2025-09-08 15:13:34.646,PickUpHL,PickUpHL_lp2_fp9_r1,FAILED,"Subtree execution failed",22049.08
34,2025-09-08 15:13:35.011,PickUpHL,PickUpHL_lp3_fp17_r1,STARTED,"High-level execution with subtree: FF_Default_DynamicFlow_PickUpHL_lp3_fp17_r1; DeltaTime: 0.100",22414.38
35,2025-09-08 15:13:38.028,PickUpHL,PickUpHL_lp3_fp17_r1,FAILED,"Subtree execution failed",25431.65
36,2025-09-08 15:13:38.515,PlaceHL,PlaceHL_lp4_pr4_r1,STARTED,"High-level execution with subtree: FF_Default_DynamicFlow_PlaceHL_lp4_pr4_r1; DeltaTime: 0.100",25918.35
37,2025-09-08 15:13:38.576,TravelML,TravelML_r1_fp25_pr4,STARTED,"Normal execution; DeltaTime: 0.100",25979.23
38,2025-09-08 15:13:38.577,TravelML,TravelML_r1_fp25_pr4,STARTED,"DeltaTime: 0.100",25979.79
39,2025-09-08 15:13:38.679,TravelML,TravelML_r1_fp25_pr4,COMPLETED,"Effects applied successfully",26082.36
40,2025-09-08 15:13:39.123,PlaceHL,PlaceHL_lp4_pr4_r1,STARTED,"High-level execution with subtree: FF_Default_DynamicFlow_PlaceHL_lp4_pr4_r1; DeltaTime: 0.100",26525.82
41,2025-09-08 15:13:39.200,PlaceML,PlaceML_lp4_pr4_r1_vg1,STARTED,"Normal execution; DeltaTime: 0.100",26602.79
42,2025-09-08 15:13:39.201,PlaceML,PlaceML_lp4_pr4_r1_vg1,STARTED,"DeltaTime: 0.100",26603.84
43,2025-09-08 15:13:39.283,PlaceML,PlaceML_lp4_pr4_r1_vg1,COMPLETED,"Effects applied successfully",26686.49
44,2025-09-08 15:13:39.292,PlaceHL,PlaceHL_lp4_pr4_r1,COMPLETED,"Subtree execution completed successfully",26694.82
45,2025-09-08 15:13:39.852,PickUpHL,PickUpHL_lp1_fp1_r1,STARTED,"High-level execution with subtree: FF_Default_DynamicFlow_PickUpHL_lp1_fp1_r1; DeltaTime: 0.100",27254.99
46,2025-09-08 15:13:42.511,PickUpHL,PickUpHL_lp1_fp1_r1,FAILED,"Subtree execution failed",29913.73
47,2025-09-08 15:13:42.674,PickUpHL,PickUpHL_lp2_fp9_r1,STARTED,"High-level execution with subtree: FF_Default_DynamicFlow_PickUpHL_lp2_fp9_r1; DeltaTime: 0.100",30077.39
48,2025-09-08 15:13:45.199,PickUpHL,PickUpHL_lp2_fp9_r1,FAILED,"Subtree execution failed",32602.06
49,2025-09-08 15:13:45.357,PickUpHL,PickUpHL_lp3_fp17_r1,STARTED,"High-level execution with subtree: FF_Default_DynamicFlow_PickUpHL_lp3_fp17_r1; DeltaTime: 0.100",32760.06
50,2025-09-08 15:13:48.235,TravelML,TravelML_r1_pr4_fp17,STARTED,"Normal execution; DeltaTime: 0.100",35638.10
51,2025-09-08 15:13:48.235,TravelML,TravelML_r1_pr4_fp17,STARTED,"DeltaTime: 0.100",35638.35
52,2025-09-08 15:13:48.259,TravelML,TravelML_r1_pr4_fp17,COMPLETED,"Effects applied successfully",35662.59
53,2025-09-08 15:13:48.520,PickUpHL,PickUpHL_lp3_fp17_r1,STARTED,"High-level execution with subtree: FF_Default_DynamicFlow_PickUpHL_lp3_fp17_r1; DeltaTime: 0.100",35923.05
54,2025-09-08 15:13:48.581,PickUpML,PickUpML_lp3_fp17_r1_vg1,STARTED,"Normal execution; DeltaTime: 0.100",35983.77
55,2025-09-08 15:13:48.581,PickUpML,PickUpML_lp3_fp17_r1_vg1,STARTED,"DeltaTime: 0.100",35984.48
56,2025-09-08 15:13:48.623,PickUpML,PickUpML_lp3_fp17_r1_vg1,COMPLETED,"Effects applied successfully",36026.19
57,2025-09-08 15:13:48.628,PickUpHL,PickUpHL_lp3_fp17_r1,COMPLETED,"Subtree execution completed successfully",36031.39
58,2025-09-08 15:13:48.826,PlaceHL,PlaceHL_lp3_pr3_r1,STARTED,"High-level execution with subtree: FF_Default_DynamicFlow_PlaceHL_lp3_pr3_r1; DeltaTime: 0.100",36229.27
59,2025-09-08 15:13:51.441,PlaceHL,PlaceHL_lp3_pr3_r1,FAILED,"Subtree execution failed",38844.10
60,2025-09-08 15:13:51.856,PickUpHL,PickUpHL_lp1_fp1_r1,STARTED,"High-level execution with subtree: FF_Default_DynamicFlow_PickUpHL_lp1_fp1_r1; DeltaTime: 0.100",39259.64
61,2025-09-08 15:13:55.001,PickUpHL,PickUpHL_lp1_fp1_r1,FAILED,"Subtree execution failed",42403.82
62,2025-09-08 15:13:55.181,PickUpHL,PickUpHL_lp2_fp9_r1,STARTED,"High-level execution with subtree: FF_Default_DynamicFlow_PickUpHL_lp2_fp9_r1; DeltaTime: 0.100",42584.58
63,2025-09-08 15:13:58.187,PickUpHL,PickUpHL_lp2_fp9_r1,FAILED,"Subtree execution failed",45590.57
64,2025-09-08 15:13:58.366,PlaceHL,PlaceHL_lp3_pr3_r1,STARTED,"High-level execution with subtree: FF_Default_DynamicFlow_PlaceHL_lp3_pr3_r1; DeltaTime: 0.100",45769.72
65,2025-09-08 15:13:58.394,TravelML,TravelML_r1_fp17_pr3,STARTED,"Normal execution; DeltaTime: 0.100",45796.89
66,2025-09-08 15:13:58.394,TravelML,TravelML_r1_fp17_pr3,STARTED,"DeltaTime: 0.100",45797.14
67,2025-09-08 15:13:58.421,TravelML,TravelML_r1_fp17_pr3,COMPLETED,"Effects applied successfully",45824.69
68,2025-09-08 15:13:58.624,PlaceHL,PlaceHL_lp3_pr3_r1,STARTED,"High-level execution with subtree: FF_Default_DynamicFlow_PlaceHL_lp3_pr3_r1; DeltaTime: 0.100",46026.84
69,2025-09-08 15:13:58.653,PlaceML,PlaceML_lp3_pr3_r1_vg1,STARTED,"Normal execution; DeltaTime: 0.100",46056.12
70,2025-09-08 15:13:58.653,PlaceML,PlaceML_lp3_pr3_r1_vg1,STARTED,"DeltaTime: 0.100",46056.63
71,2025-09-08 15:13:58.690,PlaceML,PlaceML_lp3_pr3_r1_vg1,COMPLETED,"Effects applied successfully",46093.14
72,2025-09-08 15:13:58.696,PlaceHL,PlaceHL_lp3_pr3_r1,COMPLETED,"Subtree execution completed successfully",46099.43
73,2025-09-08 15:13:59.250,PickUpHL,PickUpHL_lp1_fp1_r1,STARTED,"High-level execution with subtree: FF_Default_DynamicFlow_PickUpHL_lp1_fp1_r1; DeltaTime: 0.100",46653.08
74,2025-09-08 15:14:01.803,PickUpHL,PickUpHL_lp1_fp1_r1,FAILED,"Subtree execution failed",49205.86
75,2025-09-08 15:14:01.959,PickUpHL,PickUpHL_lp2_fp9_r1,STARTED,"High-level execution with subtree: FF_Default_DynamicFlow_PickUpHL_lp2_fp9_r1; DeltaTime: 0.100",49362.07
76,2025-09-08 15:14:04.454,TravelML,TravelML_r1_pr3_fp9,STARTED,"Normal execution; DeltaTime: 0.100",51857.41
77,2025-09-08 15:14:04.454,TravelML,TravelML_r1_pr3_fp9,STARTED,"DeltaTime: 0.100",51857.68
78,2025-09-08 15:14:04.479,TravelML,TravelML_r1_pr3_fp9,COMPLETED,"Effects applied successfully",51882.22
79,2025-09-08 15:14:04.661,PickUpHL,PickUpHL_lp2_fp9_r1,STARTED,"High-level execution with subtree: FF_Default_DynamicFlow_PickUpHL_lp2_fp9_r1; DeltaTime: 0.100",52064.56
80,2025-09-08 15:14:04.694,PickUpML,PickUpML_lp2_fp9_r1_vg1,STARTED,"Normal execution; DeltaTime: 0.100",52096.98
81,2025-09-08 15:14:04.694,PickUpML,PickUpML_lp2_fp9_r1_vg1,STARTED,"DeltaTime: 0.100",52097.60
82,2025-09-08 15:14:04.734,PickUpML,PickUpML_lp2_fp9_r1_vg1,COMPLETED,"Effects applied successfully",52137.42
83,2025-09-08 15:14:04.741,PickUpHL,PickUpHL_lp2_fp9_r1,COMPLETED,"Subtree execution completed successfully",52144.33
84,2025-09-08 15:14:04.920,PlaceHL,PlaceHL_lp2_pr2_r1,STARTED,"High-level execution with subtree: FF_Default_DynamicFlow_PlaceHL_lp2_pr2_r1; DeltaTime: 0.100",52322.84
85,2025-09-08 15:14:07.489,PlaceHL,PlaceHL_lp2_pr2_r1,FAILED,"Subtree execution failed",54892.24
86,2025-09-08 15:14:08.006,PickUpHL,PickUpHL_lp1_fp1_r1,STARTED,"High-level execution with subtree: FF_Default_DynamicFlow_PickUpHL_lp1_fp1_r1; DeltaTime: 0.100",55409.22
87,2025-09-08 15:14:10.667,PickUpHL,PickUpHL_lp1_fp1_r1,FAILED,"Subtree execution failed",58070.14
88,2025-09-08 15:14:10.852,PlaceHL,PlaceHL_lp2_pr2_r1,STARTED,"High-level execution with subtree: FF_Default_DynamicFlow_PlaceHL_lp2_pr2_r1; DeltaTime: 0.100",58255.05
89,2025-09-08 15:14:10.876,TravelML,TravelML_r1_fp9_pr2,STARTED,"Normal execution; DeltaTime: 0.100",58279.37
90,2025-09-08 15:14:10.876,TravelML,TravelML_r1_fp9_pr2,STARTED,"DeltaTime: 0.100",58279.67
91,2025-09-08 15:14:10.903,TravelML,TravelML_r1_fp9_pr2,COMPLETED,"Effects applied successfully",58305.92
92,2025-09-08 15:14:11.085,PlaceHL,PlaceHL_lp2_pr2_r1,STARTED,"High-level execution with subtree: FF_Default_DynamicFlow_PlaceHL_lp2_pr2_r1; DeltaTime: 0.100",58488.50
93,2025-09-08 15:14:11.112,PlaceML,PlaceML_lp2_pr2_r1_vg1,STARTED,"Normal execution; DeltaTime: 0.100",58515.50
94,2025-09-08 15:14:11.113,PlaceML,PlaceML_lp2_pr2_r1_vg1,STARTED,"DeltaTime: 0.100",58515.74
95,2025-09-08 15:14:11.149,PlaceML,PlaceML_lp2_pr2_r1_vg1,COMPLETED,"Effects applied successfully",58552.64
96,2025-09-08 15:14:11.155,PlaceHL,PlaceHL_lp2_pr2_r1,COMPLETED,"Subtree execution completed successfully",58557.88
97,2025-09-08 15:14:11.714,PickUpHL,PickUpHL_lp1_fp1_r1,STARTED,"High-level execution with subtree: FF_Default_DynamicFlow_PickUpHL_lp1_fp1_r1; DeltaTime: 0.100",59116.92
98,2025-09-08 15:14:14.336,TravelML,TravelML_r1_pr2_fp1,STARTED,"Normal execution; DeltaTime: 0.100",61739.23
99,2025-09-08 15:14:14.336,TravelML,TravelML_r1_pr2_fp1,STARTED,"DeltaTime: 0.100",61739.52
100,2025-09-08 15:14:14.363,TravelML,TravelML_r1_pr2_fp1,COMPLETED,"Effects applied successfully",61766.60
101,2025-09-08 15:14:14.548,PickUpHL,PickUpHL_lp1_fp1_r1,STARTED,"High-level execution with subtree: FF_Default_DynamicFlow_PickUpHL_lp1_fp1_r1; DeltaTime: 0.100",61950.95
102,2025-09-08 15:14:14.571,PickUpML,PickUpML_lp1_fp1_r1_vg1,STARTED,"Normal execution; DeltaTime: 0.100",61974.01
103,2025-09-08 15:14:14.571,PickUpML,PickUpML_lp1_fp1_r1_vg1,STARTED,"DeltaTime: 0.100",61974.35
104,2025-09-08 15:14:14.604,PickUpML,PickUpML_lp1_fp1_r1_vg1,COMPLETED,"Effects applied successfully",62007.27
105,2025-09-08 15:14:14.609,PickUpHL,PickUpHL_lp1_fp1_r1,COMPLETED,"Subtree execution completed successfully",62012.29
106,2025-09-08 15:14:14.802,PlaceHL,PlaceHL_lp1_pr1_r1,STARTED,"High-level execution with subtree: FF_Default_DynamicFlow_PlaceHL_lp1_pr1_r1; DeltaTime: 0.100",62204.95
107,2025-09-08 15:14:17.347,TravelML,TravelML_r1_fp1_pr1,STARTED,"Normal execution; DeltaTime: 0.100",64750.01
108,2025-09-08 15:14:17.347,TravelML,TravelML_r1_fp1_pr1,STARTED,"DeltaTime: 0.100",64750.31
109,2025-09-08 15:14:17.372,TravelML,TravelML_r1_fp1_pr1,COMPLETED,"Effects applied successfully",64775.60
110,2025-09-08 15:14:17.572,PlaceHL,PlaceHL_lp1_pr1_r1,STARTED,"High-level execution with subtree: FF_Default_DynamicFlow_PlaceHL_lp1_pr1_r1; DeltaTime: 0.100",64974.75
111,2025-09-08 15:14:17.594,PlaceML,PlaceML_lp1_pr1_r1_vg1,STARTED,"Normal execution; DeltaTime: 0.100",64997.61
112,2025-09-08 15:14:17.595,PlaceML,PlaceML_lp1_pr1_r1_vg1,STARTED,"DeltaTime: 0.100",64997.83
113,2025-09-08 15:14:17.628,PlaceML,PlaceML_lp1_pr1_r1_vg1,COMPLETED,"Effects applied successfully",65031.33
114,2025-09-08 15:14:17.632,PlaceHL,PlaceHL_lp1_pr1_r1,COMPLETED,"Subtree execution completed successfully",65035.27
